"asset_type","struct","field","offset","size","serialized_type","readiness","ps3_evidence","observed_values","xbox_correlation","notes"
"LightDef","LightDefAsset","SamplerState","0x08","0x01","byte","RESOLVED","EBOOT LightDef body 0x1089a0 copies root size 0x10 and resolves the embedded image pointer at +0x04; no additional payload is consumed for +0x08","common_mp asset 10059: 0x62","Xbox default_mp map places Load_GfxLightImage immediately before Load_GfxLightDef; GfxLightDef embeds GfxLightImage at +0x04, making +0x08 the GfxLightImage sampler state","Former Unknown08 split into SamplerState plus pad09To0B"
"LightDef","LightDefAsset","Pad09To0B","0x09","0x03","byte[3]","RESOLVED","EBOOT LightDef body 0x1089a0 root size/alignment leaves three bytes between samplerState and +0x0C int32","common_mp asset 10059: 00 00 00","Xbox-correlated struct alignment after GfxLightImage.samplerState","Padding; not a semantic-name gap"
"LightDef","LightDefAsset","LmapLookupStart","0x0C","0x04","uint32","RESOLVED","EBOOT LightDef body 0x1089a0 copies root size 0x10 after resolving name and embedded GfxLightImage.image","common_mp asset 10059: 0x00000001","Xbox GfxLightDef field name correlated from loader family and renderer symbol R_SetLightProperties(GfxLightDef*)","Former Unknown0C"
"Image","GfxImageAsset","DimensionCount","0x02","0x01","byte","RESOLVED","default_mp Image_Setup at 0x00358088 derives values 1/2/3 from map shape and calls helper 0x00357e68; helper stores that argument to GfxImage+0x02. SetupRenderTarget path 0x00357d18 stores 2 for 2D render targets.","Image_Setup writes 1 for 1D, 2 for 2D/cube, 3 for 3D; SetupRenderTarget writes 2","Xbox GfxImage layout differs; PS3 setup flow proves this as a dimensional class byte, not GfxImageCategory","Former Unknown02; corrected from Category after proving GfxImageCategory at +0x1A"
"Image","GfxImageAsset","RootBytes","0x00","0x50","byte[]","RESOLVED","Active GfxImage root snapshot removed; default_mp setup/helper consumers split the root into format/count/category/multiface/flags/dimensions/pixel-block/pitch/pixels-offset/map/semantic/card-memory/base-dimensions/payload/name fields.","common_mp loads with explicit 0x50 root fields","Xbox default_mp GfxImage names correlate for category/mapType/semantic/width/height/depth/levelCount/name after PS3 offsets are proven","Texture payload itself is not counted as a semantic gap; remaining open bytes are tracked as exact fields below"
"Image","GfxImageAsset","Category","0x1A","0x01","byte","RESOLVED","default_mp helper 0x00355420 computes GfxImage slots with stride 0x50 and stores arg2 to +0x1A, arg3 to TextureSemantic +0x19, and name pointer to +0x4C. Callers pass GfxImageCategory-like values: raw 4 at 0x00362cb0, render target 6 at 0x0036ce10/0x0036d5b0, and generated/lightmap/temp-style values 2/3 through 0x0036d080.","common_mp observed: 0x03 for normal file-backed images, 0x00 for null shells; setup helpers pass 2, 3, 4, 6","Xbox GfxImage field order is mapType @0x38, semantic @0x39, category @0x3A; PS3 has the same semantic trio at +0x18/+0x19/+0x1A with platform-specific root packing","Former Unknown1A"
"Image","GfxImageAsset","Pad1B","0x1B","0x01","byte","RESOLVED","GfxImage root copies this inline byte between Category +0x1A and CardMemory +0x1C; default_mp byte-site scan found no proven GfxImage root consumer/writer for +0x1B. The only tiny +0x1B setter at 0x003ae278 is called by local non-loader helpers and is not tied to the 0x50-byte image asset root.","common_mp observed all root values 0x00; alignment byte before dword CardMemory","Xbox GfxImage has category followed by an aligned dword field, matching this as platform-layout padding after PS3 category is proven at +0x1A","Former Unknown1B"
"Image","GfxImageAsset","StreamData","0x2C","0x20","GfxImageStreamData[4]","RESOLVED","PS3 GfxImage root carries four contiguous 8-byte stream-data records from +0x2C through +0x4B. common_mp decoded-zone sampling of 1309 logged GfxImage roots verified the root bytes and shows zero records for non-streamed images and packed mip/stream records for streamed images; the former +0x48/+0x49..+0x4B bytes are the fourth record, not padding.","common_mp: 604 roots have all-zero stream data; streamed examples include 128x128:0x20005580, 256x256:0x24015580, 512x512:0x28055580, 1024x1024:0x2C000000","Xbox map/PDB correlation names GfxImageStreamData and its loader/marker family; PS3 packing differs in root offset but matches the stream-data role and 8-byte record stride","Former Unknown2CTo47 plus former Unknown48/Pad49To4B; record fields are Width, Height, LevelSizeAndOffset"
"Image","GfxImageStreamData","LevelSizeAndOffset","0x04","0x04","uint32","RESOLVED","Within each PS3 GfxImageStreamData record, the first two uint16 values are mip/stream dimensions and the trailing uint32 carries the packed level-size/offset word. Values progress with stream levels in common_mp, e.g. 0x20005580, 0x24015580, 0x28055580, 0x2C000000.","former GfxImage +0x48 is GfxImageStreamData[3].LevelSizeAndOffset byte 0, commonly 0x00/0x28/0x2C/0x30 depending on the fourth stream record","Xbox-correlated GfxImageStreamData record size is 0x08","Former Unknown48 row"
"XAnim","XAnimPartsAsset","Pad1F","0x1F","0x01","byte","RESOLVED","XAnim root loader copies this byte between assetType +0x1E and aligned int32 randomDataShortCount +0x20. EBOOT/default_mp byte-displacement scans found no XAnim-root consumer for +0x1F; loader does not branch on it or use it for child payloads.","common_mp decoded sampling of 2275 XAnim roots observed only 0x00 across assetType 1/2 and many flags/deltaFlags combinations","Xbox-correlated XAnim root keeps the following +0x20 field dword-aligned after assetType/count bytes","Former Unknown1F; layout padding"
"Fx","FxElemExtendedDef","DefaultBytePayload","","0x01","byte?","RESOLVED","EBOOT Load_FxElemExtendedDefPtr 0x000F5D20 branches on FxElemDef.elemType: Trail(3) loads FxTrailDef, SparkFountain(6) loads FxSparkFountainDef, and the default non-null branch aligns with mask 0 via 0x000F5CF0 then loads exactly one byte via 0x000EDEE8. The byte is a loader fallback union payload, not an observed named Fx behavior.","common_mp trace: 2042 FxElemDef rows; only Trail(12) and SparkFountain(18) have non-null extended pointers, and every other elemType has extended=0","Xbox default_mp.map names Load_FxElemExtendedDefPtr and only typed sibling loaders for FxTrailDef and FxSparkFountainDef; no named third extended payload appears in the map","Former UnknownValue; resolved as default byte payload contract. No common_mp asset exercises a non-null default branch."
"Fx","FxElemExtendedDefKind","DefaultBytePayload","","enum","enum value","RESOLVED","Classification value for the PS3 default branch of Load_FxElemExtendedDefPtr 0x000F5D20 when elemType is neither Trail nor SparkFountain and the extended pointer cell is non-null.","Not observed non-null in common_mp outside Trail/SparkFountain","Xbox loader symbols expose the pointer dispatcher plus Trail/SparkFountain typed payloads, matching this as a fallback rather than a named authored variant","Former Unknown enum value; not serialized by itself"
"Sound","SndAliasType","Unknown","","enum","enum value","RESOLVED","EBOOT SoundFile dispatcher 0x0010A468 only special-cases type value 1 as LoadedSound; every other value, including 0, follows the streamed SoundFile union path through 0x0010A420/0x0010A3D8. Xbox PDB/map strings expose the correlated enum name SAT_UNKNOWN and a runtime consumer named SND_IsNullSoundFile, so Unknown is retained as the source enum name rather than a local placeholder.","common_mp trace: 4920 SoundFile rows, 1320 Loaded(type 1), 3600 Streamed(type 2), no type 0; patch_mp has no SoundFile rows","Xbox default_mp.pdb strings include SAT_UNKNOWN, SAT_LOADED, SAT_STREAMED; maps repeatedly expose SND_IsNullSoundFile(SoundFile*)","Not serialized in local official fastfiles; resolved as an enum value name/branch contract, not an observed payload case"
"Sound","SoundFile","UnionRaw0/UnionRaw1/UnionRaw2","0x04","0x0C","int32[3]","RESOLVED","Active SoundFile model no longer exposes the 12-byte union as an opaque byte[] carrier. The loader reads the bytes privately, splits them into the three big-endian union words, and exposes branch-specific LoadedSoundPointer/LoadedSound or StreamedSound views. EBOOT dispatcher 0x0010A468 proves type 1 uses the first word as a LoadedSound pointer cell; non-loaded types use the streamed union path.","common_mp trace: Loaded rows use union word0 as inline/offset LoadedSound pointer and words1/2 are zero; Streamed rows use fileIndex=1 with raw offset/length words","Xbox names Load_SoundFile, Load_LoadedSound, Load_StreamedSound, and SoundFile/SoundFileRef; branch names correlate after PS3 dispatcher proof","Former active SoundFile.UnionData byte[] removed; ModelsOLD may retain historical raw bytes"
"Sound","LoadedSound","FrameCount/ChannelCount/SampleRate/Pad0E/Pad10","0x08","0x0A","uint16[5]","RESOLVED","LoadedSound loader copies the 0x1C-byte root and the five big-endian uint16 words sit between PhysicalDataByteCount and SeekTableCount. PS3 displacement scans for +0x08/+0x0A/+0x0C found no direct default_mp consumer, so FrameCount is value-pattern/correlation named while ChannelCount and SampleRate are value-proven.","common_mp 1174 LoadedSound rows: ChannelCount mostly 1/2 with two zero entries; SampleRate values 44100/22050/48000/32000/11025/0; trailing two words always zero; first word tracks loaded audio frame/block quantity and correlates with seek table count","Xbox PDB strings expose loaded-sound channel/sample-rate vocabulary including SND_SetSoundFileChannelInfo, sampleRate, and related XA seek-table symbols","Former SoundInfoBytes split into typed metadata words; Pad0E/Pad10 are layout padding/reserved zeros in common_mp"
"Sound","SndCurve","Knots","0x08","0x80","SndCurveKnot[16]","RESOLVED","SndCurve loader copies a fixed 0x88-byte root: FilenamePtr, KnotCount, two-byte pad, then 16 contiguous pairs of big-endian float values. The active model now exposes those 16 pairs as typed knots rather than an opaque byte array.","common_mp validates SndCurve as 0x88-byte roots with KnotCount plus fixed 16-pair payload; pointer validation proves materialized SndCurve targets at size 136","Xbox default_mp symbols expose SndCurve consumers Com_GetVolumeFalloffCurveValue/Com_GetVolumeFalloffCurve and PDB strings include knots and knotCount","Former KnotBytes; fixed storage is 16 pairs even when KnotCount is lower"
"TechniqueSet","MaterialPassAsset","VertexDeclaration","0x00 child","0x1C","MaterialVertexDeclarationAsset","RESOLVED","PS3 Techset pass loader resolves the direct child at MaterialPass +0x00 through Load_MaterialVertexDeclaration 0x000E8B90 and copies a fixed 0x1C-byte object in the current LARGE stream with 4-byte alignment. The active model now exposes the child object instead of pass-owned VertexDeclBytes.","common_mp pointer validation repeatedly proves MaterialVertexDeclarationAsset targets as materialized 0x1C-byte direct children under MaterialPass","Xbox PDB/map names the matching loader family and struct members: MaterialVertexDeclaration.streamCount, hasOptionalSource, and routing; routingData consumer strings reference source and dest","Former VertexDeclBytes; internal payload is StreamCount, HasOptionalSource, and 13 MaterialVertexStreamRouting source/dest pairs"
"TechniqueSet","MaterialShaderArgumentAsset","LiteralConstant","arg +0x04 child","0x10","MaterialShaderLiteralConstant?","RESOLVED","PS3 shader argument branch 0x000F81C8 -> 0x000F80A0 proves argument kinds 1 and 7 use the pointer-style child at arg +0x04; inline payload aligns through mask 0x0F and loader 0x000EC610 consumes 4 floats / 16 bytes. Offset pointers are validated/deferred, not consumed from source immediately.","common_mp asset 5529 contains literal shader args including direct-offset payload targets in LARGE; active loader now validates offset literal targets as 0x10-byte MaterialShaderLiteralConstant and parses inline literals as four big-endian floats","Xbox MaterialShaderArgument enum names correlate kinds 1/7 as MTL_ARG_LITERAL_VERTEX_CONST and MTL_ARG_LITERAL_PIXEL_CONST; PDB strings include literal shader constant consumers","Former LiteralFloat4Bytes; branch semantics remain distinct from code const/material/sampler argument union cases"
"Vehicle","VehicleDefAsset","RootBytes","0x00","0x2D0","typed VehicleDef fields","RESOLVED","Active VehicleDef root snapshot removed. PS3 VehicleDef loader copies a fixed 0x2D0 root, then resolves child pointers at the proven offsets: name +0x00, useHintString +0x08, VehiclePhysDef +0x0A8, turret weapon name/pointer +0x198/+0x19C, trophy script strings +0x1D0, compass materials +0x1D8/+0x1DC, named sound alias cells through +0x240, surfaceSnds[31] at +0x244, and tail floats through +0x2CC.","Active Models/Loaders targeted builds pass with full root cursor assertions; field order reaches exact 0x2D0 end","Xbox default_mp PDB type strings expose the ordered VehicleDef member list from name/type/useHintString through surfaceSndBlendSpeed/slideVolume/slideBlendSpeed/inAirPitch; this aligns with PS3 loader offsets and child order","Former RootBytes split into named scalar, vector, enum, sound, material, script-string, and nested VehiclePhysDef fields"
"Vehicle","PhysPresetAsset","RootBytes","0x00","0x2C","typed PhysPreset fields","RESOLVED","Active PhysPreset root snapshot removed. PS3 Load_PhysPreset copies fixed 0x2C root and resolves XString name at +0x00 and sndAliasPrefix at +0x1C; the remaining dword/float/byte fields now fill the full root with an exact end assertion.","Active Models/Loaders targeted builds pass with full 0x2C parser assertion","Xbox default_mp PDB type strings expose ordered PhysPreset fields: name, type, mass, bounce, friction, bulletForceScale, explosiveForceScale, sndAliasPrefix, piecesSpreadFraction, piecesUpwardVelocity, tempDefaultToCylinder, perSurfaceSndAlias; the final two fit PS3 0x2C as bytes plus pad2A","Former RootBytes split into typed PhysPreset scalar fields while preserving pointer metadata"
"Weapon","WeaponDef","PlayerAnimType","0x028","0x04","int32","RESOLVED","Active WeaponDef loader reads +0x028 between note-track pointer cells and weaponType; field is now exposed as PlayerAnimType while preserving the PS3 root order.","Active Models/Loaders targeted builds pass","Xbox default_mp PDB ordered WeaponDef member list places playerAnimType immediately before weapType and weapClass, matching the PS3 field slot","Former Unknown028"
"Weapon","WeaponDef","PenetrateType/InventoryType/FireType/OffhandClass/Stance","0x034","0x14","enum int32[5]","RESOLVED","Active WeaponDef loader reads five dwords after weaponClass at +0x034..+0x044 in one fixed root copy; fields are now exposed individually in that order.","Active Models/Loaders targeted builds pass","Xbox default_mp PDB ordered WeaponDef member list names the five fields penetrateType, inventoryType, fireType, offhandClass, stance; enum value strings are present in the PDB string table","Former Unknown034To044"
"Weapon","WeaponDef","Reticle","0x128","0x10","WeaponReticleFields","RESOLVED","Active WeaponDef loader reads four dwords immediately after reticleCenter/reticleSide material alias cells at +0x120/+0x124, preserving root order at +0x128..+0x134.","Active Models/Loaders targeted builds pass","Xbox default_mp PDB ordered WeaponDef member list names this sequence iReticleCenterSize, iReticleSideSize, iReticleMinOfs, activeReticleType; PDB enum strings expose activeReticleType_t values None/PipOnAStick/BouncingDiamond/Count","Former ReticleFields aggregate"
"Weapon","WeaponDef","ViewMovement","0x138","0x78","WeaponViewMovementFields","RESOLVED","Active WeaponDef loader reads this fixed root region as ten ordered Vec3 values after activeReticleType and before positional movement scalars, preserving the original +0x138..+0x1AC dword slots.","Active Models/Loaders targeted builds pass","Xbox default_mp PDB ordered WeaponDef member list names vStandMove, vStandRot, strafeMove, strafeRot, vDuckedOfs, vDuckedMove, vDuckedRot, vProneOfs, vProneMove, vProneRot in this exact position","Former ViewMovementRotationFields int32[30] aggregate"
"Weapon","WeaponDef","PositionalMovement","0x1B0","0x28","WeaponPositionalMovementFields","RESOLVED","Active WeaponDef loader reads this fixed root region as ten float scalars immediately after the ten view Vec3 values and before world model pointers.","Active Models/Loaders targeted builds pass","Xbox default_mp PDB ordered WeaponDef member list names fPosMoveRate, fPosProneMoveRate, fStandMoveMinSpeed, fDuckedMoveMinSpeed, fProneMoveMinSpeed, fPosRotRate, fPosProneRotRate, fStandRotMinSpeed, fDuckedRotMinSpeed, fProneRotMinSpeed","Former PositionalMovementRotationFields int32[10] aggregate"
"Weapon","WeaponIconPointers","AmmoCounterIconRatio/AmmoCounterClip/StartAmmo","0x200","0x0C","int32, AmmoCounterClipType, int32","RESOLVED","Active WeaponDef loader reads these three dwords after hudIcon/pickupIcon/ammoCounterIcon material cells and before the +0x20C XString slot, preserving the PS3 root copy order.","Active Models/Loaders targeted builds pass","Xbox default_mp PDB ordered WeaponDef member list names the surrounding sequence hudIcon, hudIconRatio, pickupIcon, pickupIconRatio, ammoCounterIcon, ammoCounterIconRatio, ammoCounterClip, iStartAmmo; PDB enum strings expose ammoCounterClipType_t values","Former OverlayFieldsA aggregate; adjacent icon pointer labels were corrected to HudIcon/PickupIcon/AmmoCounterIcon"
"Weapon","WeaponAmmoFields","MaxAmmo/ShotCount","0x21C","0x08","int32[2]","RESOLVED","Active WeaponDef loader reads these two dwords after szAmmoName/iAmmoIndex/szClipName/iClipIndex and before the shared-ammo-cap XString at +0x224.","Active Models/Loaders targeted builds pass","Xbox default_mp PDB ordered WeaponDef member list names +0x21C/+0x220 as iMaxAmmo and shotCount in this exact field sequence","Former OverlayFieldsB aggregate"
"Weapon","WeaponAmmoFields","SharedAmmoCap/Damage/PlayerDamage/MeleeDamage/DamageType","0x22C","0x14","int32[5]","RESOLVED","Active WeaponDef loader reads these five dwords after szSharedAmmoCapName/iSharedAmmoCapIndex and before the timing region beginning at +0x240.","Active Models/Loaders targeted builds pass","Xbox default_mp PDB ordered WeaponDef member list names iSharedAmmoCap, damage, playerDamage, iMeleeDamage, iDamageType in this exact field sequence","Former ModeFields aggregate"
"Weapon","WeaponDef","Timing","0x240","0xA0","WeaponTimingFields","RESOLVED","Active WeaponDef loader reads this fixed root region as forty ordered int32 timing fields immediately after DamageType and before aim movement tuning.","Active Models/Loaders targeted builds pass","Xbox default_mp PDB ordered WeaponDef member list names iFireDelay through aiFuseTime in this exact 40-field sequence","Former WeaponTimingFields int32[40] aggregate"
"Weapon","WeaponDef","AimMovementTuning","0x2E0","0x28","WeaponAimMovementTuningFields","RESOLVED","Active WeaponDef loader reads this fixed root region as ten float tuning fields immediately after aiFuseTime and before the four overlay material pointers.","Active Models/Loaders targeted builds pass","Xbox default_mp PDB ordered WeaponDef member list names autoAimRange, aimAssistRange, aimAssistRangeAds, aimPadding, enemyCrosshairRange, moveSpeedScale, adsMoveSpeedScale, sprintDurationScale, fAdsZoomInFrac, fAdsZoomOutFrac","Former AimMovementTuningFields int32[10] aggregate"
"Weapon","WeaponOverlayFields","Reticle/Interface/Dimensions","0x318","0x18","WeaponOverlayReticle, WeaponOverlayInterface, int32[4]","RESOLVED","Active WeaponDef loader reads these six dwords immediately after the four overlay material alias cells and before ADS bob/spread fields; no child pointers are resolved in this region.","Active Models/Loaders targeted builds pass","Xbox default_mp PDB ordered WeaponDef member list names overlayReticle, overlayInterface, overlayWidth, overlayHeight, overlayWidthSplitscreen, overlayHeightSplitscreen; PDB strings expose weapOverlayReticle_t and WEAPOVERLAYINTERFACE enum values","Former OverlayDimensionFields aggregate"
"Weapon","WeaponDef","AdsViewAndSpread","0x330","0x98","WeaponAdsViewAndSpreadFields","RESOLVED","Active WeaponDef loader reads this fixed root region as thirty-eight float fields immediately after overlay dimensions and before the PhysCollmap alias-cell pointer.","Active Models/Loaders targeted builds pass","Xbox default_mp PDB ordered WeaponDef member list names fAdsBobFactor through adsViewErrorMax in this exact 38-field sequence","Former BobSpreadIdleSwayAdsViewErrorFields int32[38] aggregate"
"Weapon","WeaponDef","PhysCollmapPointer","0x3C8","0x04","PhysCollmap* alias","RESOLVED","Active WeaponDef loader proves an alias-cell PhysCollmap pointer at +0x3C8 and resolves it through the PhysCollmap pointer consumer path.","Active Models/Loaders targeted builds pass","Xbox default_mp PDB ordered WeaponDef member list names this field physCollmap immediately after adsViewErrorMax","Former PhysCollmapPointer3C8 offset-suffixed name"
"Weapon","WeaponPhysicsFields","DualWieldViewModelOffset/KillIconRatio","0x3CC","0x08","float, int32","RESOLVED","Active WeaponDef loader reads the first two dwords after physCollmap as named physics/icon fields.","Active Models/Loaders targeted builds pass","Xbox default_mp PDB ordered WeaponDef member list names dualWieldViewModelOffset and killIconRatio at this position; Xbox map strings format killIconRatio as %d","Former PhysicsFieldsA aggregate"
"Weapon","WeaponPhysicsFields","ReloadAndAmmoDropFields","0x3D4","0x14","int32[3], float[2]","RESOLVED","Active WeaponDef loader reads this slice after killIconRatio and before explosion fields, preserving five dword slots.","Active Models/Loaders targeted builds pass","Xbox default_mp PDB ordered WeaponDef member list names iReloadAmmoAdd, iReloadStartAdd, ammoDropStockMin, ammoDropClipPercentMin, ammoDropClipPercentMax","Former PhysicsFieldsB aggregate"
"Weapon","WeaponPhysicsFields","ExplosionFields","0x3E8","0x1C","int32[4], float[3]","RESOLVED","Active WeaponDef loader reads this slice after ammo-drop fields and before projectile speed fields, preserving seven dword slots.","Active Models/Loaders targeted builds pass","Xbox default_mp PDB ordered WeaponDef member list names iExplosionRadius, iExplosionRadiusMin, iExplosionInnerDamage, iExplosionOuterDamage, damageConeAngle, bulletExplDmgMult, bulletExplRadiusMult; Xbox map strings treat bulletExplDmgMult as a ratio/float","Former PhysicsFieldsC aggregate"
"Weapon","WeaponPhysicsFields","ProjectileMotionFields","0x404","0x1C","int32[6], float","RESOLVED","Active WeaponDef loader reads this slice immediately before projectileModel, preserving seven dword slots.","Active Models/Loaders targeted builds pass","Xbox default_mp PDB ordered WeaponDef member list names iProjectileSpeed, iProjectileSpeedUp, iProjectileSpeedForward, iProjectileActivateDist, projLifetime, timeToAccelerate, projectileCurvature","Former PhysicsFieldsD aggregate"
"Weapon","WeaponProjectileFields","Explosion","0x424","0x04","WeaponProjectileExplosion","RESOLVED","Active WeaponDef loader reads this dword immediately after projectileModel and before projExplosionEffect/projDudEffect pointers.","Active Models/Loaders targeted builds pass","Xbox default_mp PDB ordered WeaponDef member list names this field projExplosion; PDB strings expose weapProjExposion_t values","Former ModelField"
"Weapon","WeaponProjectileFields","Stickiness/LowAmmoWarningThreshold/RicochetChance","0x438","0x0C","WeaponStickiness, int32, float","RESOLVED","Active WeaponDef loader reads these three dwords after projExplosionSound/projDudSound and before parallel/perpendicular bounce pointers.","Active Models/Loaders targeted builds pass","Xbox default_mp PDB ordered WeaponDef member list names stickiness, lowAmmoWarningThreshold, ricochetChance; PDB strings expose WEAPSTICKINESS values","Former ProjectileFieldsA aggregate"
"Weapon","WeaponProjectileFields","ProjectileColor","0x454","0x0C","Vec3","RESOLVED","Active WeaponDef loader reads these three dwords after projTrailEffect/projBeaconEffect and before guidedMissileType.","Active Models/Loaders targeted builds pass","Xbox default_mp PDB ordered WeaponDef member list names vProjectileColor in this exact slot","Former ImpactFieldsA aggregate"
"Weapon","WeaponProjectileFields","GuidedMissileType","0x460","0x04","GuidedMissileType","RESOLVED","Active WeaponDef loader reads this dword after vProjectileColor and before maxSteeringAccel/projIgnitionDelay.","Active Models/Loaders targeted builds pass","Xbox default_mp PDB ordered WeaponDef member list names guidedMissileType; PDB strings expose guidedMissileType_t values","Former ImpactFieldB"
"Weapon","WeaponProjectileFields","MaxSteeringAcceleration/IgnitionDelay","0x464","0x08","float, int32","RESOLVED","Active WeaponDef loader reads these two dwords before projIgnitionEffect/projIgnitionSound.","Active Models/Loaders targeted builds pass","Xbox default_mp PDB ordered WeaponDef member list names maxSteeringAccel and projIgnitionDelay","Former ImpactFieldsC aggregate"
"Weapon","WeaponProjectileFields","AdsAimPitch/CrosshairFractions","0x474","0x0C","float[3]","RESOLVED","Active WeaponDef loader reads these three dwords after projIgnitionSound and before ADS gun-kick fields.","Active Models/Loaders targeted builds pass","Xbox default_mp PDB ordered WeaponDef member list names fAdsAimPitch, fAdsCrosshairInFrac, fAdsCrosshairOutFrac","Former ShellEjectFields aggregate"
"Weapon","WeaponGunKickAndDistanceFields","Ads/HipGunKickAndDistance","0x480","0x8C","WeaponGunKickAndDistanceFields","RESOLVED","Active WeaponDef loader reads this 35-dword tail after ADS crosshair fractions and before accuracy graph pointers.","Active Models/Loaders targeted builds pass","Xbox default_mp PDB ordered WeaponDef member list names adsGunKickReducedKickBullets through maxDist in this exact 35-field sequence","Former AdsHipGunKickAiDistanceFields aggregate"
"Weapon","WeaponTurnSpeedAndRangeFields","MinTurnSpeed/MaxTurnSpeed/PitchConvergenceTime/YawConvergenceTime/SuppressTime/MaxRange/AnimationHorizontalRotateIncrement/PlayerPositionDistance/ScanSpeed/ScanAcceleration","0x540","0x28","WeaponTurnSpeedAndRangeFields","RESOLVED","PS3 default.elf WeaponDef setup path 0x0016c480 stores parser results at +0x540..+0x564 in this order; default.elf 0x00147650, default.elf 0x001c6820, EBOOT/default_mp 0x001cb6a8 consume +0x560 as a turret scan divisor.","Active Models/Loaders targeted builds pass","Xbox default_mp PDB member sequence provides minTurnSpeed through fPlayerPositionDist; Xbox maps contain turret.obj validation strings for weapDef->scanSpeed and weapDef->scanAccel; PS3 consumer anchors +0x560 as scanSpeed.","Former TurnSpeedAndRangeFields aggregate"
"Weapon","WeaponHintFields","UseHintStringIndex","0x570","0x04","int32","RESOLVED","PS3 WeaponDef loader reads this dword between use/drop hint strings and the +0x574 drop-hint index; default.elf/EBOOT/default_mp consumers prove the companion +0x574 index is copied when dropHintString is non-empty.","Active Models/Loaders targeted builds pass","Xbox default_mp PDB names the adjacent pair iUseHintStringIndex/dropHintStringIndex in this exact slot order.","Former Unknown570"
"Weapon","WeaponHintFields","HorizontalViewJitter/VerticalViewJitter/ScanSpeed/ScanAcceleration/ScanPauseTime","0x578","0x14","float,float,float,float,int32","RESOLVED","PS3 WeaponDef loader proves this five-cell scalar slice is between dropHintStringIndex at +0x574 and szScript XString at +0x58C; default.elf/EBOOT/default_mp consumers read +0x578/+0x57C with lfs in the view-jitter path.","Active Models/Loaders targeted builds pass","Xbox default_mp PDB names the ordered member sequence horizViewJitter, vertViewJitter, scanSpeed, scanAccel, scanPauseTime. PS3 direct consumers were not found for +0x580..+0x588; those names are Xbox-correlated within the loader-proven slot.","Former HintFieldsB aggregate"
"Weapon","WeaponDef","OOPosAnimLength/MinDamage","0x590","0x08","float,float","RESOLVED","PS3 WeaponDef loader places these two scalars immediately after szScript at +0x58C; default_mp consumers read +0x590 with lfs and default.elf consumers read +0x590/+0x594 with lfs.","Active Models/Loaders targeted builds pass","Xbox default_mp PDB names the adjacent fields fOOPosAnimLength and minDamage in this exact order after szScript.","Former ScriptFieldsA aggregate"
"Weapon","WeaponDef","MinPlayerDamage/MaxDamageRange/MinDamageRange/DestabilizationRateTime/DestabilizationCurvatureMax/DestabilizeDistance","0x598","0x18","int32,float,float,float,float,float","RESOLVED","PS3 WeaponDef loader places this six-cell slice after MinDamage and before the +0x5B0 scalar; default.elf/default_mp consumers hit +0x598/+0x59C as word tests and +0x5A4/+0x5A8/+0x5AC as float loads.","Active Models/Loaders targeted builds pass","Xbox default_mp PDB names the ordered member sequence minPlayerDamage, fMaxDamageRange, fMinDamageRange, destabilizationRateTime, destabilizationCurvatureMax, destabilizeDistance.","Former ScriptFieldsB aggregate"
"Weapon","WeaponDef","DestabilizeDistanceToTimeScale","0x5B0","0x04","int32","RESOLVED","PS3 default.elf/default_mp consumers load +0x5B0 as a signed integer, convert it to float, divide by ProjectileSpeed at +0x404, and multiply by a time-scale constant before storing projectile destabilization state.","Active Models/Loaders targeted builds pass","Xbox default_mp PDB does not expose a distinct member name here; Xbox places locationDamageMultipliers next, while PS3 loader proves the pointer is at +0x5B4. Name is PS3 behavior-derived, not Xbox-derived.","Former HitLocationField"
"Weapon","WeaponDef","TurretScopeZoomRate/TurretScopeZoomMin/TurretScopeZoomMax/TurretOverheatUpRate/TurretOverheatDownRate/TurretOverheatPenalty","0x5C4","0x18","float[6]","RESOLVED","PS3 WeaponDef loader places this six-float slice immediately after tracerType at +0x5C0 and before turretOverheatSound at +0x5DC; default/default_mp consumers read +0x5C4/+0x5C8/+0x5CC and +0x5D0/+0x5D4/+0x5D8 with lfs.","Active Models/Loaders targeted builds pass","Xbox default_mp PDB names the ordered sequence turretScopeZoomRate, turretScopeZoomMin, turretScopeZoomMax, turretOverheatUpRate, turretOverheatDownRate, turretOverheatPenalty.","Former TracerFields aggregate"
"Weapon","WeaponTurretFields","BarrelSpinSpeed/BarrelSpinUpTime/BarrelSpinDownTime","0x5E8","0x0C","float[3]","RESOLVED","PS3 WeaponDef loader places these three scalars between turretBarrelSpinRumble at +0x5E4 and turretBarrelSpinMaxSnd at +0x5F4. default_mp function 0x0002B180 reads +0x5EC/+0x5F0 with lfs as the spin-up/down interpolation divisors.","Active Models/Loaders targeted builds pass","Xbox default_mp PDB names the ordered sequence turretBarrelSpinSpeed, turretBarrelSpinUpTime, turretBarrelSpinDownTime in this exact slot before turretBarrelSpinMaxSnd.","Former TurretFields aggregate"
"Weapon","WeaponTurretFields","BarrelSpinUpSoundPointers[1..3]","0x5FC","0x0C","XString[3]","RESOLVED","PS3 EBOOT WeaponDef loader 0x00115064 sets the sound-alias var to root+0x5F8, loads count 4, and calls the sound-alias array loader at 0x000FEE90; therefore +0x5FC..+0x604 are entries 1..3 of the inline turretBarrelSpinUpSnd array, not independent scalars.","Active Models/Loaders targeted builds pass","Xbox default_mp PDB names the surrounding turretBarrelSpinUpSnd array after turretBarrelSpinMaxSnd; PS3 loader proves count and inline root-cell placement.","Former Unknown5FCTo604"
"Weapon","WeaponTurretFields","BarrelSpinDownSoundPointers[1..3]","0x60C","0x0C","XString[3]","RESOLVED","PS3 EBOOT WeaponDef loader 0x0011507C sets the sound-alias var to root+0x608, loads count 4, and calls the sound-alias array loader at 0x000FEE90; therefore +0x60C..+0x614 are entries 1..3 of the inline turretBarrelSpinDownSnd array, not independent scalars.","Active Models/Loaders targeted builds pass","Xbox default_mp PDB names the surrounding turretBarrelSpinDownSnd array before missileConeSoundAlias; PS3 loader proves count and inline root-cell placement.","Former Unknown60CTo614"
"Material","MaterialInfo","GameFlags/SortKey/TextureAtlasRowCount/TextureAtlasColumnCount/DrawSurf/SurfaceTypeBits/HashIndex/Pad16","0x04","0x14","byte,byte,byte,byte,GfxDrawSurf,uint32,uint16,uint16","RESOLVED","EBOOT material loader 0x1099c8 proves fixed MaterialInfo size 0x18 and only child pointer work at +0x00; default_mp renderer consumer 0x003ab588 reads +0x04/+0x06/+0x07 as a packed material draw/sort/atlas key while the loader-proven fixed tail spans +0x04..+0x17.","common_mp loads through all assets with the split fields and no Bytes04To17 model carrier","Xbox material symbols correlate gameFlags, sortKey, textureAtlasRowCount, textureAtlasColumnCount, drawSurf, surfaceTypeBits, and hashIndex after PS3 size/offset match; +0x16..+0x17 is structure padding.","Former Bytes04To17 split into named MaterialInfo fields."
"Material","MaterialAsset","StateBitsEntries","0x18","0x25","MaterialStateBitsEntry[37]","RESOLVED","EBOOT material loader 0x10d798 copies root 0xA8; material graph places StateBitsEntry at +0x18 for exactly 0x25 bytes, matching the 37 material technique slots used throughout material/techset loaders.","common_mp loads through all assets with StateBitsEntries and no StateBitsEntryBytes model carrier","Xbox renderer assert strings name material->stateBitsEntry[context...], correlating each byte as the state-bits table index for a technique context after the PS3 offset/count match.","Former StateBitsEntryBytes split into 37 TechniqueSlot/StateBitsIndex entries."
"Material","MaterialWater","Writable","0x00","0x04","MaterialWaterWritable","RESOLVED","EBOOT water loader 0x108f50 proves the first dword is copied inline before H0X/H0Y/WTerm spectrum pointers and before M/N-driven payload loading; it is not a pointer or padding.","common_mp loads through all assets with MaterialWaterWritable instead of WritableOrTimeRaw","Xbox default_mp PDB strings expose water_t.writable and nested floatTime; PS3 offset/order/root-size proof matches the Xbox Load_water_t family.","Former WritableOrTimeRaw; exposed as writable union with FloatTime view while preserving RawValue."
"Material","MaterialWater","Lx/Lz/Gravity/WindVelocity/WindDirection/Amplitude/CodeConstant","0x18","0x2C","float[11]","RESOLVED","EBOOT water loader 0x108f50 copies a fixed 0x48 root, uses M/N at +0x10/+0x14 for the three spectrum arrays, and resolves the image pointer at +0x44, leaving exactly eleven inline floats at +0x18..+0x43.","common_mp loads through all assets with named water parameter fields and no Bytes18To43 carrier","Xbox default_mp PDB strings expose water_t fields wTerm, gravity, windvel, winddir, amplitude, and codeConstant in the same water_t family; Lx/Lz are correlated from the established IW water FFT field sequence after PS3 offset/size match.","Former Bytes18To43 split into water FFT/scalar parameters and CodeConstant."
"XModel","XModelAsset","Scale/NoScalePartBits","0x08","0x1C","float,uint32[6]","RESOLVED","EBOOT XModel body 0x111698 copies fixed 0x120 root; child pointer table starts at +0x24, leaving +0x08 float plus six dwords before boneNames.","common_mp loads through all assets with named fields and no Bytes08To23 carrier","Xbox default_mp PDB ordered XModel member list places scale and noScalePartBits immediately after numsurfs and before boneNames; PS3 root offsets match that field sequence.","Former Bytes08To23 split into Scale and NoScalePartBits."
"XModel","XModelAsset","MaxLoadedLod/NumLods/CollLod/Flags","0xE0","0x04","byte[4]","RESOLVED","EBOOT XModel loader stores lodInfo[4] at +0x40..+0xDF, then collSurfs pointer at +0xE4; the four intervening root bytes are loader-copied scalar LOD/control bytes.","common_mp loads through all assets with these four bytes modeled explicitly","Xbox default_mp PDB ordered XModel member list places maxLoadedLod, numLods, collLod, and flags between lodInfo and collSurfs; this also accounts for a previously missing model coverage gap.","Added after discovering the active loader skipped +0xE0..+0xE3 while parsing LODs separately."
"XModel","XModelAsset","Contents","0xEC","0x04","int32","RESOLVED","EBOOT XModel body reads collSurfs pointer at +0xE4, numCollSurfs at +0xE8, and boneInfo pointer at +0xF0; +0xEC is the single dword between the collision-surface count and bone-info pointer.","common_mp loads through all assets with Contents and no BytesECToEF carrier","Xbox default_mp PDB ordered XModel member list places contents at this slot; runtime symbols expose XModelGetContents and collision/trace consumers.","Former BytesECToEF."
"XModel","XModelAsset","Radius/Bounds","0xF4","0x1C","float,Bounds","RESOLVED","EBOOT XModel body has boneInfo pointer at +0xF0 and invHighMipRadius pointer at +0x110; the intervening 0x1C bytes split as one float plus a 0x18-byte Bounds record.","common_mp loads through all assets with Radius/Bounds and no BytesF4To10F carrier","Xbox default_mp PDB ordered XModel member list places radius and bounds between boneInfo and invHighMipRadius; PS3 consumers access this region with floating-point loads in model/render/collision paths.","Former BytesF4To10F."
"XModel","XModelAsset","MemUsage","0x114","0x04","int32","RESOLVED","EBOOT XModel body places invHighMipRadius pointer at +0x110 and PhysPreset pointer at +0x118; +0x114 is the single dword between them.","common_mp loads through all assets with MemUsage and no Bytes114To117 carrier","Xbox default_mp PDB ordered XModel member list places memUsage in this slot; runtime symbols expose XModelGetMemUsage.","Former Bytes114To117."
"XModel","XModelLodInfo","Dist","0x00","0x04","float","RESOLVED","EBOOT Load_XModelLodInfo 0x106990 copies a fixed 0x28 entry and resolves only the modelSurfs pointer at +0x08; the first dword precedes numSurfs at +0x04 and is consumed as LOD distance.","common_mp loads through all assets with Dist and no Bytes00To03 carrier","Xbox default_mp PDB ordered XModelLodInfo member list places dist first, then numsurfs, surfIndex, modelSurfs, partBits, surfs.","Former Bytes00To03."
"XModel","XModelLodInfo","SurfIndex","0x06","0x02","uint16","RESOLVED","EBOOT Load_XModelLodInfo 0x106990 preserves the ushort between NumSurfs at +0x04 and modelSurfs pointer at +0x08; the fixup path keeps the same entry layout.","common_mp loads through all assets with SurfIndex and no Bytes06To07 carrier","Xbox default_mp PDB ordered XModelLodInfo member list names this field surfIndex after numsurfs.","Former Bytes06To07."
"XModel","DObjAnimMat","Quat/Trans/TransWeight","0x00","0x20","float[4],float[3],float","RESOLVED","EBOOT XModel loader reads baseMat at root +0x38 as NumBones * 0x20 via Load_DObjAnimMatArray; default_mp consumers access +0x00..+0x1C with floating-point loads in DObj/base-pose and matrix-transform paths.","common_mp loads through all assets with DObjAnimMat typed as Quat, Trans, and TransWeight","Xbox default_mp PDB strings expose DObjAnimMat fields quat and transWeight, and runtime symbols MatrixTransformVectorQuatTrans/DObjGetBasePoseMatrix/DObjSetTrans correlate the 0x10..0x1B slice as translation.","Former DObjAnimMat.Bytes."
"XModel","XModelCollSurf","Bounds/BoneIndex/Contents/SurfaceFlags","0x00","0x24","Bounds,int32,int32,int32","RESOLVED","EBOOT XModel loader reads collSurfs at root +0xE4 as NumCollSurfs * 0x24 via Load_XModelCollSurfArray; the element loader consumes a fixed 0x24 row and does not chase child pointers.","common_mp loads through all assets with typed XModelCollSurf rows","Xbox default_mp PDB ordered XModelCollSurf_s member list is bounds, boneIdx, contents, surfFlags; Xbox map exposes XModelTraceLine/Phys_ObjSetCollisionFromXModel consumers for the same model-collision surface family after PS3 stride/order proof.","Former XModelCollSurf.Bytes."
"XModel","XBoneInfo","Bounds/RadiusSquared","0x00","0x1C","Bounds,float","RESOLVED","EBOOT XModel loader reads boneInfo at root +0xF0 as NumBones * 0x1C via Load_XBoneInfoArray; the element loader consumes a fixed 0x1C row and does not chase child pointers.","common_mp loads through all assets with typed XBoneInfo rows","Xbox default_mp PDB ordered XBoneInfo member list is bounds, radiusSquared; Xbox map exposes DObjGetBoneInfo and XModel trace/animated consumers after PS3 stride/order proof.","Former XBoneInfo.Bytes."
"XModel","GfxVertexBuffer/GfxIndexBuffer","StreamSource/DataOffset","0x1C/0x28/0x38","0x08/0x08/0x04","int32,int32 / int32","RESOLVED","EBOOT Load_XSurface 0x000FDA50 sets varGfxVertexBuffer to XSurface +0x1C and +0x28 and calls helpers 0x000F92E0/0x000F9148; those call Load_Stream for 8 bytes and then write dword0 stream source selector plus dword1 data offset. It sets varGfxIndexBuffer to +0x38 and helper 0x000FD9A8 calls Load_Stream for 4 bytes and writes only the index data offset. Later PS3 XSurface consumers prove +0x3C belongs to XSurface.PartBits, not GfxIndexBuffer padding.","common_mp loads through all assets with Vb0/Vb1 parsed as GfxVertexBuffer and IndexBuffer parsed as a 4-byte GfxIndexBuffer.DataOffset","Xbox maps correlate helper/type names Load_GfxVertexBuffer, Load_GfxIndexBuffer, R_LocateVertexBufferData, and R_LocateIndexBufferData after PS3 offset/size proof.","Former XSurfaceGpuBuffer.Bytes; previous Pad3C interpretation superseded by XSurface.PartBits consumer proof."
"XModel","XRigidVertList","BoneOffset/VertCount/TriOffset/TriCount","0x00","0x08","uint16[4]","RESOLVED","EBOOT Load_XRigidVertList 0x000F8C30 copies fixed 0x0C rows and resolves collisionTree at +0x08; Load_XRigidVertListArray 0x000F8D40 proves array stride 0x0C, leaving four ushort scalar slots before the pointer.","common_mp loads through all assets with typed XRigidVertList scalar fields","Xbox maps and consumer strings correlate XRigidVertList with boneOffset, vertCount, triOffset, and triCount; gfx:r_marks asserts use boneIndex + boneOffset and r_model/rb_tess paths assert triCount/vertCount after PS3 stride/order proof.","Former Bytes00To07."
"XModel","XSurfaceCollisionTree","Trans/Scale","0x00","0x18","Vec3,Vec3","RESOLVED","EBOOT Load_XSurfaceCollisionTree 0x000F28C0 copies a fixed 0x28 tree, then reads nodeCount at +0x18, nodes pointer at +0x1C, leafCount at +0x20, and leafs pointer at +0x24; first 0x18 bytes are two three-float vectors.","common_mp loads through all assets with typed tree header and no Bytes00To17 carrier","Xbox default_mp PDB ordered type strings place trans and scale before nodeCount/nodes/leafCount/leafs in XSurfaceCollisionTree; PS3 loader offsets/size match that 0x28 layout.","Former Bytes00To17."
"XModel","XSurfaceCollisionNode","Aabb/ChildBeginIndex/ChildCount","0x00","0x10","XSurfaceCollisionAabb,uint16,uint16","RESOLVED","EBOOT Load_XSurfaceCollisionNodeArray 0x000E9A68 loads count * 0x10 for nodes; the tree loader passes nodeCount from +0x18 and aligns node payloads to 16 bytes.","common_mp loads through all assets with typed collision nodes and no Bytes carrier","Xbox default_mp PDB ordered type strings place XSurfaceCollisionAabb aabb, childBeginIndex, and childCount in XSurfaceCollisionNode; the adjacent XSurfaceCollisionLeaf type names the leaf ushort triangleBeginIndex.","Former XSurfaceCollisionNode.Bytes."
"Sound","SoundFile","LoadedSoundFile/StreamedSound selected payload","0x04","0x0C","union","RESOLVED","EBOOT SoundFile dispatcher 0x0010A468 proves Type == 1 routes +0x04 through the LoadedSound* alias-cell wrapper and all other observed values route through the streamed branch. Active model now exposes selected SoundFilePayload branches, not UnionRaw0/1/2 author-facing fields.","common_mp loads through all assets with selected SoundFilePayload and no active SoundFile.UnionRaw fields","Xbox Load_SoundFile, Load_LoadedSound, Load_StreamedSound, and SND_IsNullSoundFile names correlate after PS3 branch proof.","Former duplicate cleanup row for UnionRaw0/UnionRaw1/UnionRaw2."
"Sound","StreamedSound","StreamFileOffset/DirectoryPointer","0x04","0x04","int32 or XString","RESOLVED","PS3 streamed branch uses FileIndex at SoundFile +0x04 as the sub-branch key. When FileIndex == 0, +0x08 is a direct XString cell for the external streamed-sound directory; when FileIndex != 0, +0x08 is the stream-file offset and is not resolved as a string.","common_mp loads through all assets with selected StreamedSoundSource and no RawOffsetOrDirectoryPointer field","Xbox Load_StreamedSound and XA_StreamSoundFileDataOffset names correlate the stream-file path after PS3 FileIndex branch proof.","Former RawOffsetOrDirectoryPointer."
"Sound","StreamedSound","StreamFileLength/FilenamePointer","0x08","0x04","int32 or XString","RESOLVED","PS3 streamed branch uses FileIndex at SoundFile +0x04 as the sub-branch key. When FileIndex == 0, +0x0C is a direct XString cell for the external streamed-sound filename; when FileIndex != 0, +0x0C is the stream-file length and is not resolved as a string.","common_mp loads through all assets with selected StreamedSoundSource and no RawLengthOrFilenamePointer field","Xbox Load_StreamedSound and XA_ProcessStreamSoundFile names correlate the stream-file path after PS3 FileIndex branch proof.","Former RawLengthOrFilenamePointer."
"Fx","FxElemDefVisuals","Visual","0x00","0x04","selected FxElemVisual union","RESOLVED","EBOOT Load_FxElemDefVisuals 0x00112D20 proves the +0xBC cell is selected by elemType and visualCount: Decal uses an FxElemMarkVisuals array pointer, visualCount > 1 uses an FxElemDefVisuals array pointer, and inline visuals dispatch through Load_FxElemVisuals 0x00112BA0. Active model now exposes selected FxElemVisual branches rather than an author-facing Raw XPointer<object>.","common_mp loads through all assets with FxMaterialVisual/FxModelVisual/FxSoundVisual/FxEffectVisual/FxNoChildVisual and no active FxElemDefVisuals.Raw field","Xbox default_mp.map names Load_FxElemDefVisuals, Load_FxElemVisuals, Load_FxElemMarkVisuals, and DB_SetAlwaysLoadedFxElemVisuals; branch names correlate after PS3 elemType/visualCount proof.","Former FxElemDefVisuals.Raw."
"Menu","ItemDefData","Value","0x00","0x04","selected ItemDefDataValue union","RESOLVED","EBOOT ItemDef typeData dispatcher 0x0010E850 proves the +0x184 cell is selected by ItemDef.type: edit-field types 0/4/9/10/11/14/16/17/18/22/23 use EditFieldDef, type 6 uses ListBoxDef, type 12 uses MultiDef, type 13 uses an XString enumDvarName, type 20 uses NewsTickerDef, type 21 uses TextScrollDef, and all other types have no typed child load.","common_mp loads through all 10091 assets with selected ItemDefDataValue branches and no active ItemDefData.RawPointer field","Xbox UI names correlate EditFieldDef/ListBoxDef/MultiDef/enumDvarName/NewsTickerDef/TextScrollDef after PS3 branch table, payload sizes, and consumers are matched.","Former ItemDefData.RawPointer."
"Menu","Operand","Value","0x04","0x04","selected OperandValue union","RESOLVED","PS3 Statement/Expression loader switches Operand.dataType at 0x0010CCF8: VAL_INT keeps the word as an int scalar, VAL_FLOAT keeps the same bits as a float scalar, VAL_STRING resolves the word as a direct XString pointer from the operand cell, and VAL_FUNCTION resolves it as a direct Statement pointer. Runtime EvaluateExpression 0x002332E0/PushOperand 0x00233910 consume the selected operand value by dataType.","common_mp loads through all 10091 assets with selected IntOperandValue/FloatOperandValue/StringOperandValue/FunctionOperandValue branches and no active OperandInternalData.Raw field; inline VAL_STRING operands point directly at string bytes, not an ExpressionString wrapper","Xbox expression names correlate after PS3 dataType switch, evaluator behavior, and official-byte direct XString validation are matched.","Former OperandInternalData.Raw."
"Menu","EventData","Value","0x00","0x04","selected EventDataValue union","RESOLVED","EBOOT MenuEventHandler loader 0x0010C180 copies the 0x08 handler root and dispatches EventData +0x00 through selector byte +0x04 at 0x0010C100: type 0 resolves a direct XString script, type 1 resolves ConditionalScript, type 2 resolves a nested MenuEventHandlerSet, and types 3..6 resolve SetLocalVarData. Active loader constructs selected EventDataValue branches after reading the selector.","common_mp loads through all 10091 assets with selected UnconditionalScriptEventData/ConditionalScriptEventData/ElseScriptEventData/SetLocalVarEventData branches and no active EventData.Data or EventData.Raw carrier","Xbox MenuEventHandler/EventData names correlate after PS3 selector, branch helpers, payload sizes, and child order are matched.","Former EventData.Data/Raw."
"XAnim","XAnimPartsAsset","PackedDataStreams/Indices","var","count-driven","XAnimPackedDataStreams + XAnimFrameIndexStream","RESOLVED","EBOOT Load_XAnimParts 0x00115FC0 proves the +0x34/+0x38/+0x3C/+0x40/+0x44/+0x48 child stream order, widths, alignments, and count fields, and Load_XAnimIndices 0x000F5B18 selects byte or ushort frame indices by numFrames. default_mp XAnim calc consumer 0x00292478 loads the same six packed stream pointers and +0x4C indices from the XAnimParts root, partitions them with the root track-count ladder, and decodes them as quantized animation keyframe channels rather than opaque payload bytes.","common_mp loads through all 10091 assets with typed XAnimPackedDataStreams and XAnimFrameIndexStream; strict pointer validation remains untypedTargets=0","Xbox xanim_calc names XAnimCalcParts, XAnimMovePastFrameIndices, and XAnimCalcNonLoopEnd correlate after PS3 loader order and default_mp consumer pointer/width behavior are matched.","Former byte/short/int stream payloads were validated but not represented in the active model."
"XAnim","XAnimPartTransFrames","DynamicFrames/FramePayload","var","count-driven","XAnimDynamicFrames + selected translation frames","RESOLVED","EBOOT Load_XAnimPartTransFrames 0x000F3578 reads a 0x1C root, then Load_XAnimDynamicFrames 0x000ED920 consumes one frame index per trans frame as bytes when numFrames <= 255 or ushorts otherwise. The +0x18 payload pointer is selected by smallTrans: smallTrans != 0 loads three quantized bytes per frame, otherwise it loads three int16 components per frame.","common_mp loads through all 10091 assets with XAnimDynamicFrames.FrameIndices plus SmallXAnimTransFramePayload/LargeXAnimTransFramePayload records; asset 8907 proves the 11 byte dynamic indices followed by 33 smallTrans payload bytes","Xbox loader names Load_XAnimDynamicFrames, Load_XAnimPartTransFrames, and Load_XAnimPartTransData correlate after PS3 branch sizes and official-byte source order are matched.","Former frame payload byte-count-only model."
"XModel","XSurface","PartBits","0x3C","0x18","uint32[6]","RESOLVED","EBOOT Load_XSurface 0x000FDA50 copies fixed 0x54 XSurface rows and does not chase child pointers after GfxIndexBuffer.DataOffset at +0x38. default_mp consumer 0x0011F718 and default consumer 0x000C3FA8 iterate surfaces with stride 0x54, copy +0x3C/+0x40/+0x44/+0x48/+0x4C/+0x50 as six dwords, then combine them with shifted bone/part masks for surface selection.","common_mp loads through all assets with XSurface.PartBits[6] and no Pad3C/Bytes40To53 carrier","Xbox default_mp map/PDB correlate XSurfaceVisitTrianglesInAabb, XSurfaceTraceLine, R_PreSkinXSurface, partBits, surfPartBits, and hidePartBits after PS3 stride/offset proof.","Opened as Bytes40To53; PS3 consumers prove the field starts at +0x3C and covers six dwords through +0x53."
"GfxMap","GfxWorldAsset","Unknown26C","0x26C","0x04","uint32","OPEN","EBOOT Load_GfxWorld 0x00112040 copies the 0x288-byte root and does not dispatch a child loader for +0x26C; tail child loaders begin at +0x274 after count +0x270.","mp_boneyard GfxWorld root: 0x035692D8","CODResearch MW2 GfxWorld tail is incomplete here; no PS3 consumer proof recorded yet.","Root byte is accounted for by model/load-stream copy but semantic meaning remains open."
"GfxMap","GfxWorldAsset","Unknown278","0x278","0x04","uint32","OPEN","EBOOT Load_GfxWorld 0x00112040 copies the 0x288-byte root and does not dispatch a child loader for +0x278; +0x27C is the size used by both +0x280 and +0x284 VIRTUAL payloads.","mp_boneyard GfxWorld root: 0x02000000","CODResearch MW2 GfxWorld tail is incomplete here; no PS3 consumer proof recorded yet.","Root byte is accounted for by model/load-stream copy but semantic meaning remains open."
"GfxMap","GfxPortal","Unknown20To21","0x20","0x02","byte[2]","OPEN","EBOOT Load_GfxPortal 0x000F4FB0 copies a 0x3C row, resolves vertices at +0x1C, and uses byte +0x22 as vertex count. Bytes +0x20..+0x21 are copied but no PS3 consumer proof has been recorded yet.","mp_boneyard pending GfxMap load logging","CODResearch MW2 GfxPortal names the surrounding writable, plane, vertices, vertexCount, and hullAxis fields but leaves these two bytes semantically unproven for PS3.","Accounted root-row bytes; revisit with renderer/portal consumers."
"GfxMap","GfxStaticModelInst","Unknown1CTo23","0x1C","0x08","byte[8]","OPEN","EBOOT Load_GfxWorldDpvsStatic 0x00111C98 loads GfxStaticModelInst rows through helper 0x000E3850 with stride 0x24; CODResearch-correlated mins/maxs/groundLighting account for +0x00..+0x1B only.","mp_boneyard pending GfxMap load logging","CODResearch MW2 GfxStaticModelInst lists mins, maxs, and groundLighting but does not account for the PS3 0x24 stride tail.","Accounted row bytes; needs PS3 static-model draw/lighting consumer proof."
"GfxMap","SrfTriangles","Unknown08","0x08","0x04","uint32","OPEN","EBOOT Load_GfxSurface 0x001102E8 copies each 0x1C-byte surface row and stores varMaterialHandle from surface +0x14 before calling the material pointer loader, proving the triangle substructure spans +0x00..+0x13 on PS3. default_mp consumer 0x0035e3e0 proves surrounding fields: +0x00 is added to worldDraw.vertexLayerData(+0x3C), +0x04 selects worldDraw.vertexData(+0x2C) in 0x10-byte vertices, +0x0E is triCount, and +0x10 selects worldDraw.indices(+0x4C). It does not read +0x08.","mp_boneyard first surface rows show +0x08 values like 0x00000028/0x00000008/0x00000024, while +0x0C packs plausible vertexCount/triCount pairs such as 0x0004/0x0002 and +0x10 advances like baseIndex 0, 6, 12.","CODResearch MW2 lists the surrounding srfTriangles_t names and GfxSurface material/lighting fields, but its 0x10-byte triangle shape conflicts with the PS3 +0x14 material-pointer offset, so +0x08 remains PS3-open. Xbox R_SetStreamsForBspSurface/R_DrawBspTris names are correlation only until the PS3 draw stream-binding consumer is matched.","Accounted surface-row bytes; PS3 0x0035e3e0 proves adjacent runtime buffer use but leaves +0x08 semantic meaning open."
"GameMapMp","G_GlassData","Pad14To7F","0x14","0x6C","byte[108]","RESOLVED","EBOOT Load_G_GlassData 0x00105D58 copies a fixed 0x80-byte root and only dispatches child loaders from +0x00 using count +0x04 and +0x10 using count +0x0C. default_mp/EBOOT structure-pattern scans produced only false positives; manual inspection found no confirmed consumer anchored to GameWorldMp.g_glassData or the loader-proven G_GlassData root tail.","mp_boneyard asset[322] observes 108 zero bytes in G_GlassData +0x14..+0x7F after correcting GfxWorld.dpvs.surfaceMaterials to RUNTIME and loading GameMapMp at source 0x2D1863B.","Xbox default_mp PDB TPI record G_GlassData type 0x9BDE has size 0x80/count 7 and member 6 named pad at +0x14. Its type 0x9BDC is LF_ARRAY elem T_UCHAR index T_ULONG size 108.","Former Unknown14To7CWords/Reserved14To7FWords; accounted as Xbox-correlated byte padding after PS3 fixed-root size and offset proof, not a runtime-state structure."
"ColMapMp","clipMap_t","UnknownD0ToFF","0xD0","0x30","byte[48]","OPEN","EBOOT Load_clipMap_t 0x00113458 copies the fixed 0x100 root and dispatches no child loader for +0xD0..+0xFF after checksum +0xCC; mp_boneyard.ff validates complete source coverage and typed offset pointer proof through ColMapMp asset[323].","mp_boneyard clipMap_t root source 0x2D1A1C3 has +0xD0..+0xFF all zero bytes.","CODResearch MW2 clipMap_t names this tail unknown5[0x30]; Xbox map/PDB exposes Load_clipMap_t/Mark_clipMap_t but no PS3-proven semantic consumer for the tail has been recorded.","Root bytes are owned by the model and loader. Keep UnknownD0ToFF until PS3/default_mp consumer evidence proves a stronger semantic name."
